{"kind":"app","storage":"ipfs","name":"Ai Mint NFT","version":"0.3.1","description":"Easy Mint NFT With AI Generate Image","website":"https://github.com/tidvn/iMint","installAuthority":"9XNHHJDXixJzvwvT4ooFLfq1B1fW1815A1HuhksnGBtN","price":0,"tag":"nfts","royaltiesPercentage":5,"contact":"https://github.com/tidvn/iMint","entrypoints":{"default":{"web":"./web-build/index.html"}},"icon":{"md":"./assets/cover.png"},"screenshots":["./assets/Screenshot/photo_0.png","./assets/Screenshot/photo_1.jpg","./assets/Screenshot/photo_2.jpg","./assets/Screenshot/photo_3.jpg"]}